team_id,team_name,team_logo,country_logo,region_name
csgo_tm_9565,Vitality,https://oss.5eplay.com/cloudx/p/sport/csgo/team/merge_ci8mp6n4nfq3cc4ue9k0.png,,
csgo_tm_4608,NAVI,https://oss.5eplay.com/cloudx/p/sport/csgo/team/chdgdk74nfqe2nie51g0.png,,
csgo_tm_8297,FURIA,https://oss.5eplay.com/sport/csgo/team/cgcl4u1ll806h1bg2n3g.png,,
csgo_tm_11283,Falcons,https://oss.5eplay.com/cloudx/p/sport/csgo/team/cm0k2q4conkqks63d37g.png,,
csgo_tm_7020,Spirit,https://oss.5eplay.com/sport/csgo/team/merge_cgchcqhll806h1bg2lt0.png,,
csgo_tm_11861,Aurora,https://oss.5eplay.com/cloudx/p/sport/csgo/team/cgrnhlf4nfqe2nie40o0.png,,
hltv_team_12467,PARIVISION,https://oss.5eplay.com/cloudx/p/sport/csgo/team/merge_clr6upsconkqks63ctn0.png,,
csgo_tm_6248,Mongolz,https://oss.5eplay.com/cloudx/p/sport/csgo/team/cotdagsconklgsjvhg10.png,,
csgo_tm_6665,Astralis,https://oss.5eplay.com/cloudx/p/sport/csgo/team/ch9oh3n4nfqe2nie4t10.png,,
hltv_team_13286,FUT,https://oss.5eplay.com/cloudx/p/sport/csgo/team/d5j35lsconkpudhr3gk0.png,,
csgo_tm_4494,MOUZ,https://oss.5eplay.com/sport/csgo/team/hz/cec3pf74nfq43340unp0.png,,
csgo_tm_5995,G2,https://oss.5eplay.com/cloudx/p/sport/csgo/team/chae4nf4nfqe2nie4ung.png,,
csgo_tm_4914, 3DMAX,https://oss.5eplay.com/cloudx/p/sport/csgo/team/cssus2cconkotam81h1g.png,,
csgo_tm_11241,B8,https://oss.5eplay.com/sport/csgo/team/merge_cee3h074nfq433414tf0.png,,
hltv_team_12468,Legacy,https://oss.5eplay.com/cloudx/p/sport/csgo/team/ck9evp4conkqks63bksg.png,,
csgo_tm_9996,9z,https://oss.5eplay.com/cloudx/p/sport/csgo/team/co12ihcconklgsjvgua0.png,,
csgo_tm_6667,FaZe,https://oss.5eplay.com/cloudx/p/sport/csgo/team/merge_d3quoskconkqbk3bnu20.png,,
csgo_tm_7175,Heroic,https://oss.5eplay.com/sport/csgo/team/cgeh6n9ll806h1bg2osg.png,,
csgo_tm_4863,TYLOO,https://oss.5eplay.com/sport/csgo/team/hz/cec3pjf4nfq43340up40.png,,
hltv_team_12474,Alliance,https://oss.5eplay.com/cloudx/p/sport/csgo/team/cpk2dikconklgsjvice0.png,,
hltv_team_12394,BB,https://oss.5eplay.com/cloudx/p/sport/csgo/team/cq37mkkconkotam7vj7g.png,,
hltv_team_12376,M80,https://oss.5eplay.com/cloudx/p/sport/csgo/team/d3r1ojsconkqbk3bnu4g.png,,
csgo_tm_11811,Monte,https://oss.5eplay.com/cloudx/p/sport/csgo/team/chae1nv4nfqe2nie4ul0.png,,
csgo_tm_5973,Liquid,https://oss.5eplay.com/cloudx/p/sport/csgo/team/d3r1kusconkqbk3bnu2g.png,,
csgo_tm_4773,paiN,https://oss.5eplay.com/cloudx/p/sport/csgo/team/merge_chae3jf4nfqe2nie4un0.png,,
csgo_tm_9928,GL,https://oss.5eplay.com/cloudx/p/sport/csgo/team/cldgn5kconkqks63cjg0.png,,
csgo_tm_9215,MIBR,https://oss.5eplay.com/sport/csgo/team/merge_cgcl8j1ll806h1bg2nn0.png,,
csgo_tm_7532,BIG,https://oss.5eplay.com/sport/csgo/team/merge_cgdr7u9ll806h1bg2os0.png,,
csgo_tm_11737,EYE,https://oss.5eplay.com/sport/csgo/team/merge_ceihebn4nfq4334151j0.png,,
hltv_team_13679,FOKUS,https://oss.5eplay.com/cloudx/p/sport/csgo/team/d6h5jh4conkpudhr3mo0.png,,
csgo_tm_6673,NRG,https://oss.5eplay.com/cloudx/p/sport/csgo/team/coe8h0kconklgsjvh5gg.png,,
csgo_tm_4411,NIP,https://oss.5eplay.com/cloudx/p/sport/csgo/team/merge_clsl1asconkqks63cvg0.png,,
hltv_team_12426,Passion UA,https://oss.5eplay.com/cloudx/p/sport/csgo/team/merge_d3r1mv4conkqbk3bnu40.png,,
csgo_tm_10577,SINNERS,https://oss.5eplay.com/sport/csgo/team/hz/cec3uq74nfq43340vq30.png,,
hltv_team_12144,BESTIA,https://oss.5eplay.com/cloudx/p/sport/csgo/team/merge_cgm4vq74nfqe2nie3uc0.png,,
csgo_tm_7176,RED Canids,https://oss.5eplay.com/sport/csgo/team/7176.png,,
csgo_tm_11581,HOTU,https://oss.5eplay.com/cloudx/p/sport/csgo/team/merge_d7df184conkpudhr3s70.png,,
hltv_team_13404,Gentle Mates,https://oss.5eplay.com/cloudx/p/sport/csgo/team/d2seh4kconkqbk3bnmvg.png,,
hltv_team_13117,Inner Circle,https://oss.5eplay.com/cloudx/p/sport/csgo/team/d7a9u1cconkpudhr3rrg.png,,
csgo_tm_10278,9INE,https://oss.5eplay.com/cloudx/p/sport/csgo/team/merge_chadupv4nfqe2nie4uj0.png,,
csgo_tm_11712,Sashi,https://oss.5eplay.com/cloudx/p/sport/csgo/team/ciqvmf4conkqks63ac9g.png,,
csgo_tm_11571,Gaimin Gladiators,https://oss.5eplay.com/cloudx/p/sport/csgo/team/merge_coe91msconklgsjvh5k0.png,,
hltv_team_13499,Voca,https://oss.5eplay.com/cloudx/p/sport/csgo/team/merge_d6h5odsconkpudhr3mqg.png,,
hltv_team_12895,K27,https://oss.5eplay.com/cloudx/p/sport/csgo/team/cqjedmkconkotam7vsp0.png,,
hltv_team_12959,ShindeN,https://oss.5eplay.com/sport/csgo/team/12959.png,,
csgo_tm_8474,100 Thieves,https://oss.5eplay.com/cloudx/p/sport/csgo/team/merge_d6kfct4conkpudhr3n40.png,,
csgo_tm_8840,LVG,https://oss.5eplay.com/sport/csgo/team/hz/cec3ssv4nfq43340vfu0.png,,
csgo_tm_10503,OG,https://oss.5eplay.com/cloudx/p/sport/csgo/team/d5j35s4conkpudhr3gkg.png,,
csgo_tm_4991,FNC,https://oss.5eplay.com/sport/csgo/team/hz/cec3pkn4nfq43340upig.png,,
csgo_tm_8113,Sharks,https://oss.5eplay.com/cloudx/p/sport/csgo/team/cldh28sconkqks63cjl0.png,,
csgo_tm_9455,Imperial,https://oss.5eplay.com/cloudx/p/sport/csgo/team/d2o271cconkqbk3bnl50.png,,
hltv_team_13355,Nemesis,https://oss.5eplay.com/cloudx/p/sport/csgo/team/d3s4444conkqbk3bnu70.png,,
csgo_tm_4602,Tricked,https://oss.5eplay.com/cloudx/p/sport/csgo/team/cuvau1kconkqmjpn8e90.png,,
hltv_team_12774,FlyQuest,https://oss.5eplay.com/cloudx/p/sport/csgo/team/co31epkconklgsjvh0cg.png,,
csgo_tm_7969,Nemiga,https://oss.5eplay.com/cloudx/p/sport/csgo/team/ch9otcv4nfqe2nie4tc0.png,,
hltv_team_12878,BC.Game,https://oss.5eplay.com/cloudx/p/sport/csgo/team/d4dsvssconkgnll274og.png,,
hltv_team_13592,magic,https://oss.5eplay.com/cloudx/p/sport/csgo/team/d6020ukconkpudhr3kig.png,,
hltv_team_12916,Betclic,https://oss.5eplay.com/cloudx/p/sport/csgo/team/d0enhisconkt3lege8v0.png,,
hltv_team_12257,Wildcard,https://oss.5eplay.com/cloudx/p/sport/csgo/team/cpsgc7cconklgsjvior0.png,,
hltv_team_13799,PsychoFace,https://oss.5eplay.com/sport/csgo/team/null.png,,
hltv_team_12510,The Huns,https://oss.5eplay.com/cloudx/p/sport/csgo/team/merge_cl30rpsconkqks63c75g.png,,
csgo_tm_11837,Fluxo,https://oss.5eplay.com/cloudx/p/sport/csgo/team/merge_cldh3i4conkqks63cjn0.png,,
hltv_team_12967,WW,https://oss.5eplay.com/cloudx/p/sport/csgo/team/crplp9cconkotam81170.png,,
hltv_team_13237,AM,https://oss.5eplay.com/cloudx/p/sport/csgo/team/d2copgkconkt3legf010.png,,
hltv_team_12604,Johnny Speeds,https://oss.5eplay.com/cloudx/p/sport/csgo/team/cs3ihv4conkotam815t0.png,,
csgo_tm_11251,EF,https://oss.5eplay.com/cloudx/p/sport/csgo/team/cla5secconkqks63cgbg.png,,
csgo_tm_10621,1win,https://oss.5eplay.com/sport/csgo/team/merge_cediu774nfq433414t90.png,,
hltv_team_12901,SemperFi,https://oss.5eplay.com/cloudx/p/sport/csgo/team/d6rmudsconkpudhr3ong.png,,
csgo_tm_9621,Aab,https://oss.5eplay.com/sport/csgo/team/hz/cec3tof4nfq43340vki0.png,,
csgo_tm_10245,JJH,https://oss.5eplay.com/cloudx/p/sport/csgo/team/d00eh74conkt3lege5ag.png,,
hltv_team_13619,BET-M,https://oss.5eplay.com/cloudx/p/sport/csgo/team/d5k55c4conkpudhr3gvg.png,,
hltv_team_13518,Acend,https://oss.5eplay.com/cloudx/p/sport/csgo/team/d5k54usconkpudhr3gv0.png,,
hltv_team_13808,Walczaki,https://oss.5eplay.com/sport/csgo/team/null.png,,
hltv_team_13644,TDK,https://oss.5eplay.com/cloudx/p/sport/csgo/team/d6h5ijkconkpudhr3mng.png,,
hltv_team_12776,Bounty Hunters,https://oss.5eplay.com/cloudx/p/sport/csgo/team/merge_co9lkskconklgsjvh460.png,,
csgo_tm_11514,RA,https://oss.5eplay.com/cloudx/p/sport/csgo/team/cgm4f374nfqe2nie3tig.png,,
hltv_team_12646,CW,https://oss.5eplay.com/cloudx/p/sport/csgo/team/coqf55sconklgsjvhde0.png,,
hltv_team_13304,LP,https://oss.5eplay.com/sport/csgo/team/null.png,,
csgo_tm_10459,ARCRED,https://oss.5eplay.com/cloudx/p/sport/csgo/team/cmvq29sconkqks63dsl0.png,,
hltv_team_12677,Galorys,https://oss.5eplay.com/cloudx/p/sport/csgo/team/cn6n7usconkqks63dv8g.png,,
hltv_team_12380,CYBERSHOKE,https://oss.5eplay.com/sport/csgo/team/12380.png,,
hltv_team_13214,SPARTA,https://oss.5eplay.com/cloudx/p/sport/csgo/team/d0qh4n4conkt3leged0g.png,,
csgo_tm_10823,Infinite,https://oss.5eplay.com/sport/csgo/team/hz/cec3v374nfq43340vrlg.png,,
hltv_team_13486,THUNDER dOWNUNDER,https://oss.5eplay.com/cloudx/p/sport/csgo/team/d4j9drkconkgnll2763g.png,,
hltv_team_12769,Fisher College,https://oss.5eplay.com/cloudx/p/sport/csgo/team/ct9qa2cconkqmjpn7ac0.png,,
hltv_team_13310,MANA,https://oss.5eplay.com/cloudx/p/sport/csgo/team/d1j4hocconkt3legeq3g.png,,
csgo_tm_5378,VP,https://oss.5eplay.com/cloudx/p/sport/csgo/team/ct1uoncconkotam81hkg.png,,
hltv_team_13231,Ursa,https://oss.5eplay.com/cloudx/p/sport/csgo/team/d5k57e4conkpudhr3h00.png,,
hltv_team_13617,ex-RUBY,https://oss.5eplay.com/sport/csgo/team/null.png,,
csgo_tm_10333,Sangal,https://oss.5eplay.com/sport/csgo/team/hz/cec3ui74nfq43340vosg.png,,
hltv_team_13333,ASTRAL,https://oss.5eplay.com/cloudx/p/sport/csgo/team/d52ajgkconkpudhr3e80.png,,
hltv_team_13027,Nuclear TigeRES,https://oss.5eplay.com/cloudx/p/sport/csgo/team/cup4jdkconkqmjpn8avg.png,,
hltv_team_13081,Fake do Biru,https://oss.5eplay.com/sport/csgo/team/null.png,,
csgo_tm_11641,Metizport,https://oss.5eplay.com/cloudx/p/sport/csgo/team/merge_crl43ekconkotam80sdg.png,,
hltv_team_12642,Rebels,https://oss.5eplay.com/cloudx/p/sport/csgo/team/cmmt574conkqks63div0.png,,
hltv_team_13613,Bebop,https://oss.5eplay.com/sport/csgo/team/null.png,,
hltv_team_13181,BASEMENT BOYS,https://oss.5eplay.com/cloudx/p/sport/csgo/team/cv5upikconkt3legds1g.png,,
hltv_team_13233,HEROIC Academy,https://oss.5eplay.com/cloudx/p/sport/csgo/team/d06s9e4conkt3lege6qg.png,,
hltv_team_13012,HyperSpirit,https://oss.5eplay.com/cloudx/p/sport/csgo/team/d2am4mcconkt3legev90.png,,
hltv_team_12609,Lavked,https://oss.5eplay.com/sport/csgo/team/null.png,,
hltv_team_13573,ex-Zero Tenacity,https://oss.5eplay.com/sport/csgo/team/null.png,,
csgo_tm_6810,aimclub,https://oss.5eplay.com/sport/csgo/team/hz/cec3ql74nfq43340v29g.png,,
hltv_team_13575,WAZABI,https://oss.5eplay.com/cloudx/p/sport/csgo/team/d748o4sconkpudhr3qb0.webp,,
csgo_tm_11955,LAG,https://oss.5eplay.com/cloudx/p/sport/csgo/team/merge_clp62lsconkqks63csb0.png,,
hltv_team_13173,Phantom,https://oss.5eplay.com/cloudx/p/sport/csgo/team/merge_d2sede4conkqbk3bnms0.png,,
hltv_team_13321,Falcons Force,https://oss.5eplay.com/cloudx/p/sport/csgo/team/d62k2csconkpudhr3l1g.png,,
hltv_team_13403,TNC,https://oss.5eplay.com/sport/csgo/team/null.png,,
csgo_tm_7865,HAVU,https://oss.5eplay.com/sport/csgo/team/hz/cec3rmn4nfq43340v9d0.png,,
hltv_team_12818,FT,https://oss.5eplay.com/cloudx/p/sport/csgo/team/cqaeqi4conkotam7vp50.png,,
hltv_team_13667,NEXVOID,https://oss.5eplay.com/cloudx/p/sport/csgo/team/d7jdn8sconkpudhr4co0.png,,
hltv_team_12536,DEPO,https://oss.5eplay.com/cloudx/p/sport/csgo/team/ct5rrv4conkotam81k5g.png,,
csgo_tm_11555,UNO,https://oss.5eplay.com/sport/csgo/team/null.png,,
csgo_tm_7653,Isurus,https://oss.5eplay.com/sport/csgo/team/hz/cec3re74nfq43340v7u0.png,,
csgo_tm_9958,AE,https://oss.5eplay.com/sport/csgo/team/hz/cec3u5n4nfq43340vmsg.png,,
csgo_tm_6033,Keyd,https://oss.5eplay.com/cloudx/p/sport/csgo/team/d1eal1kconkt3legeov0.png,,
csgo_tm_11446,Leo,https://oss.5eplay.com/cloudx/p/sport/csgo/team/cu94sf4conkqmjpn80og.png,,
hltv_team_13314,KOLESIE,https://oss.5eplay.com/cloudx/p/sport/csgo/team/d1sq42kconkt3legesdg.png,,
csgo_tm_11176,MOUZ.N,https://oss.5eplay.com/sport/csgo/team/hz/cec3vg74nfq43340vu2g.png,,
csgo_tm_10960,Y.NIP,https://oss.5eplay.com/sport/csgo/team/merge_cee834f4nfq433414tt0.png,,
hltv_team_13602,MOS,https://oss.5eplay.com/cloudx/p/sport/csgo/team/d57lcvcconkpudhr3fqg.png,,
hltv_team_13666,BMZ,https://oss.5eplay.com/cloudx/p/sport/csgo/team/d6t0ackconkpudhr3or0.png,,
hltv_team_12988,GameHunters,https://oss.5eplay.com/cloudx/p/sport/csgo/team/csepltcconkotam81b90.png,,
csgo_tm_6089,TLR,https://oss.5eplay.com/sport/csgo/team/hz/cec3q674nfq43340utgg.png,,
hltv_team_12834,RUSTEC,https://oss.5eplay.com/cloudx/p/sport/csgo/team/crl5ntsconkotam80sl0.png,,
csgo_tm_4869,ENCE,https://oss.5eplay.com/cloudx/p/sport/csgo/team/chae6uf4nfqe2nie4up0.png,,
hltv_team_13724,5star,https://oss.5eplay.com/cloudx/p/sport/csgo/team/d6t09jsconkpudhr3oqg.png,,
hltv_team_12087,Lazer Cats,https://oss.5eplay.com/sport/csgo/team/cetrkr1ll806civqftdg.png,,
hltv_team_13690,zajezdzacze,https://oss.5eplay.com/sport/csgo/team/null.png,,
csgo_tm_8536,Gz,https://oss.5eplay.com/sport/csgo/team/hz/cec3sh74nfq43340vdsg.png,,
csgo_tm_9881,Rooster,https://oss.5eplay.com/sport/csgo/team/hz/cec3u2f4nfq43340vma0.png,,
hltv_team_12554,regain,https://oss.5eplay.com/cloudx/p/sport/csgo/team/merge_cpker54conklgsjvid00.png,,
csgo_tm_11933,Yawara,https://oss.5eplay.com/cloudx/p/sport/csgo/team/cmeaq4kconkqks63da7g.png,,
hltv_team_13201,F5,https://oss.5eplay.com/sport/csgo/team/null.png,,
csgo_tm_3044,Mibr.A,https://oss.5eplay.com/cloudx/p/sport/csgo/team/merge_ch9qhjv4nfqe2nie4to0.png,,
csgo_tm_11312,QUAZAR,https://oss.5eplay.com/sport/csgo/team/hz/cec3vln4nfq43340vv1g.png,,
hltv_team_12899,FengDa,https://oss.5eplay.com/cloudx/p/sport/csgo/team/cu4f18cconkqmjpn7t0g.png,,
hltv_team_13714,Donstu,https://oss.5eplay.com/sport/csgo/team/null.png,,
csgo_tm_5639,aAa,https://oss.5eplay.com/sport/csgo/team/hz/cec3pun4nfq43340urs0.png,,
hltv_team_13175,CTG,https://oss.5eplay.com/cloudx/p/sport/csgo/team/merge_d54ffp4conkpudhr3fcg.png,,
hltv_team_13594,CYBERSHOKE Prospects,https://oss.5eplay.com/cloudx/p/sport/csgo/team/merge_d7a6pokconkpudhr3rng.png,,
hltv_team_12267,UNiTY,https://oss.5eplay.com/cloudx/p/sport/csgo/team/cjrh38cconkqks63b5a0.png,,
hltv_team_13623,STATE,https://oss.5eplay.com/cloudx/p/sport/csgo/team/d768n5sconkpudhr3qg0.png,,
hltv_team_13116,UR,https://oss.5eplay.com/cloudx/p/sport/csgo/team/d717ck4conkpudhr3pr0.png,,
hltv_team_13014,Wave,https://oss.5eplay.com/cloudx/p/sport/csgo/team/csep7tkconkotam81b80.png,,
hltv_team_13576,TNT,https://oss.5eplay.com/sport/csgo/team/null.png,,
hltv_team_13553,Oxuji,https://oss.5eplay.com/cloudx/p/sport/csgo/team/d658vgcconkpudhr3l30.webp,,
csgo_tm_10254,BIG.A,https://oss.5eplay.com/sport/csgo/team/merge_cgch9m9ll806h1bg2lp0.png,,
hltv_team_13729,EMPIRE,https://oss.5eplay.com/cloudx/p/sport/csgo/team/d7cplj4conkpudhr3s4g.png,,
hltv_team_13242,XDM,https://oss.5eplay.com/cloudx/p/sport/csgo/team/merge_d006cu4conkt3lege58g.png,,
hltv_team_13163,Algo,https://oss.5eplay.com/cloudx/p/sport/csgo/team/d1bna5cconkt3legelrg.png,,
hltv_team_13479,Omega,https://oss.5eplay.com/cloudx/p/sport/csgo/team/d5a7la4conkpudhr3frg.png,,
hltv_team_13340,CSDIILIT,https://oss.5eplay.com/cloudx/p/sport/csgo/team/d3o5v7cconkqbk3bnts0.png,,
hltv_team_13568,eLITenergy,https://oss.5eplay.com/sport/csgo/team/null.png,,
csgo_tm_7720,InControl,https://oss.5eplay.com/cloudx/p/sport/csgo/team/cvmb6p4conkt3lege0vg.png,,
hltv_team_13364,Famalicão,https://oss.5eplay.com/cloudx/p/sport/csgo/team/d2gjvpkconkt3legf0t0.png,,
csgo_tm_10567,SAW,https://oss.5eplay.com/cloudx/p/sport/csgo/team/merge_cldgrokconkqks63cjk0.png,,
hltv_team_13707,Younglings,https://oss.5eplay.com/sport/csgo/team/null.png,,
hltv_team_13686,Abyssal,https://oss.5eplay.com/cloudx/p/sport/csgo/team/merge_d6fa6mcconkpudhr3lj0.png,,
hltv_team_13610,Beyond Limits,https://oss.5eplay.com/sport/csgo/team/null.png,,
hltv_team_13747,BERG,https://oss.5eplay.com/sport/csgo/team/null.png,,
csgo_tm_11668,Mindfreak,https://oss.5eplay.com/sport/csgo/team/hz/cec403n4nfq4334101m0.png,,
csgo_tm_10371,NAVI Jr.,https://oss.5eplay.com/sport/csgo/team/hz/cec3uj74nfq43340vp0g.png,,
hltv_team_12825,The QUBE,https://oss.5eplay.com/cloudx/p/sport/csgo/team/d1evt64conkt3legepe0.png,,
hltv_team_13715,Hashiras,https://oss.5eplay.com/sport/csgo/team/null.png,,
csgo_tm_11609,Genone,https://oss.5eplay.com/sport/csgo/team/ceihjin4nfq4334151pg.png,,
csgo_tm_8947,XI,https://oss.5eplay.com/cloudx/p/sport/csgo/team/cjcprbkconkqks63aptg.png,,
hltv_team_12363,Arcade,https://oss.5eplay.com/cloudx/p/sport/csgo/team/cqc9e2cconkotam7vpt0.png,,
csgo_tm_10997,Procyon,https://oss.5eplay.com/sport/csgo/team/10997.png,,
hltv_team_12352,Sashi Academy,https://oss.5eplay.com/cloudx/p/sport/csgo/team/cmuec04conkqks63drcg.png,,
hltv_team_13746,Matrix,https://oss.5eplay.com/sport/csgo/team/null.png,,
hltv_team_13704,Drama,https://oss.5eplay.com/cloudx/p/sport/csgo/team/d6ua6isconkpudhr3pmg.png,,
hltv_team_13698,GAMEHARMONY,https://oss.5eplay.com/sport/csgo/team/null.png,,
hltv_team_13665,FarmVille,https://oss.5eplay.com/sport/csgo/team/null.png,,
csgo_tm_6788,Crashers,https://oss.5eplay.com/cloudx/p/sport/csgo/team/d2a0omkconkt3legev0g.png,,
hltv_team_12889,G2 Ares,https://oss.5eplay.com/cloudx/p/sport/csgo/team/crrljvkconkotam812vg.png,,
csgo_tm_10867,MASONIC,https://oss.5eplay.com/sport/csgo/team/hz/cec3v4n4nfq43340vrv0.png,,
hltv_team_13470,Oramond,https://oss.5eplay.com/cloudx/p/sport/csgo/team/d3reitcconkqbk3bnu5g.png,,
hltv_team_12971,Wanted Goons,https://oss.5eplay.com/cloudx/p/sport/csgo/team/crlsob4conkotam80tp0.png,,
hltv_team_13450,yngods,https://oss.5eplay.com/sport/csgo/team/null.png,,
hltv_team_13683,WROTBERRY,https://oss.5eplay.com/sport/csgo/team/null.png,,
hltv_team_13792,ex-MINLATE,https://oss.5eplay.com/sport/csgo/team/null.png,,
csgo_tm_11129,Bankapepsi,https://oss.5eplay.com/sport/csgo/team/hz/cec3ve74nfq43340vtm0.png,,
csgo_tm_11018,Megoshort,https://oss.5eplay.com/cloudx/p/sport/csgo/team/d6ua4kkconkpudhr3pl0.png,,
hltv_team_12567,Akimbo,https://oss.5eplay.com/cloudx/p/sport/csgo/team/cpg2sf4conklgsjvi8r0.png,,
hltv_team_13053,Just Swing,https://oss.5eplay.com/cloudx/p/sport/csgo/team/d6qsrecconkpudhr3on0.png,,
hltv_team_12846,M1X KS,https://oss.5eplay.com/sport/csgo/team/null.png,,
hltv_team_13327,R2,https://oss.5eplay.com/cloudx/p/sport/csgo/team/d2gmv9kconkt3legf12g.png,,
hltv_team_12194,Rune Eaters,https://oss.5eplay.com/cloudx/p/sport/csgo/team/merge_cgvkpbf4nfqe2nie468g.png,,
csgo_tm_9735,Lilmix,https://oss.5eplay.com/sport/csgo/team/hz/cec3trv4nfq43340vl40.png,,
hltv_team_13668,Atreides,https://oss.5eplay.com/sport/csgo/team/null.png,,
hltv_team_13161,eternal premium,https://oss.5eplay.com/cloudx/p/sport/csgo/team/merge_d7a6ql4conkpudhr3rr0.png,,
hltv_team_13024,8Sins,https://oss.5eplay.com/cloudx/p/sport/csgo/team/csnkbasconkotam81do0.png,,
hltv_team_13753,basement bobs,https://oss.5eplay.com/cloudx/p/sport/csgo/team/d768njkconkpudhr3qgg.png,,
hltv_team_13107,Chicken Coop,https://oss.5eplay.com/cloudx/p/sport/csgo/team/merge_cu4q5h4conkqmjpn7t3g.png,,
csgo_tm_10287,Legion,https://oss.5eplay.com/cloudx/p/sport/csgo/team/d2sep6kconkqbk3bnn00.png,,
hltv_team_13029,RED Canids Academy,https://oss.5eplay.com/cloudx/p/sport/csgo/team/csnbq54conkotam81dn0.png,,
hltv_team_13552,Endless Journey,https://oss.5eplay.com/sport/csgo/team/null.png,,
hltv_team_13676,LAGUNA,https://oss.5eplay.com/sport/csgo/team/null.png,,
hltv_team_13681,Inner Circle Academy,https://oss.5eplay.com/sport/csgo/team/null.png,,
hltv_team_12973,NuTorious,https://oss.5eplay.com/cloudx/p/sport/csgo/team/cv0ig1sconkqmjpn8el0.png,,
hltv_team_13691,Back to Back,https://oss.5eplay.com/sport/csgo/team/null.png,,
csgo_tm_11838,Partizan,https://oss.5eplay.com/sport/csgo/team/hz/cec409f4nfq4334102ng.png,,
hltv_team_13563,Diamant,https://oss.5eplay.com/cloudx/p/sport/csgo/team/d6ua5p4conkpudhr3plg.png,,
hltv_team_13281,Bushido Wildcats,https://oss.5eplay.com/cloudx/p/sport/csgo/team/d0rt4ikconkt3leged70.png,,
hltv_team_13551,OlyBet,https://oss.5eplay.com/cloudx/p/sport/csgo/team/d5a7oi4conkpudhr3fu0.png,,
hltv_team_13026,BESTIA Academy,https://oss.5eplay.com/cloudx/p/sport/csgo/team/merge_d52vt04conkpudhr3fag.png,,
hltv_team_13766,Phantom Academy,https://oss.5eplay.com/sport/csgo/team/null.png,,
hltv_team_13726,METANOIA Wolves,https://oss.5eplay.com/cloudx/p/sport/csgo/team/d768e1kconkpudhr3qcg.png,,
hltv_team_13664,ex-KRÜ,https://oss.5eplay.com/sport/csgo/team/null.png,,
hltv_team_12366,Aurora YB,https://oss.5eplay.com/cloudx/p/sport/csgo/team/cm4jhasconkqks63d5jg.png,,
hltv_team_13433,Last Bullet,https://oss.5eplay.com/cloudx/p/sport/csgo/team/d54fin4conkpudhr3fd0.png,,
hltv_team_12164,Zomblers,https://oss.5eplay.com/cloudx/p/sport/csgo/team/merge_cjt8kmcconkqks63b81g.png,,
csgo_tm_11905,paiN.A,https://oss.5eplay.com/sport/csgo/team/merge_ceigi1f4nfq4334150ag.png,,
hltv_team_12908,Aether,https://oss.5eplay.com/cloudx/p/sport/csgo/team/cqos43cconkotam806n0.png,,
hltv_team_13528,Misa,https://oss.5eplay.com/cloudx/p/sport/csgo/team/d52aqa4conkpudhr3ed0.png,,
hltv_team_12948,BP,https://oss.5eplay.com/cloudx/p/sport/csgo/team/merge_ct2qb7sconkotam81iog.png,,
hltv_team_13634,METANOIA,https://oss.5eplay.com/sport/csgo/team/null.png,,
csgo_tm_9139,Brute,https://oss.5eplay.com/cloudx/p/sport/csgo/team/merge_chdapmf4nfqe2nie51a0.png,,
hltv_team_4246,Enjoy,https://oss.5eplay.com/sport/csgo/team/4246.png,,
csgo_tm_11218,okura,https://oss.5eplay.com/sport/csgo/team/null.png,,
hltv_team_13735,Haunted House,https://oss.5eplay.com/sport/csgo/team/null.png,,
hltv_team_13217,ScarX,https://oss.5eplay.com/cloudx/p/sport/csgo/team/cvrqf34conkt3lege3mg.png,,
hltv_team_13582,NIC,https://oss.5eplay.com/cloudx/p/sport/csgo/team/d52an5sconkpudhr3ec0.png,,
hltv_team_12960,Fire Flux,https://oss.5eplay.com/cloudx/p/sport/csgo/team/crqfknkconkotam8124g.png,,
hltv_team_13705,Imperial Academy,https://oss.5eplay.com/cloudx/p/sport/csgo/team/d768o6sconkpudhr3qh0.png,,
hltv_team_13756,Alka,https://oss.5eplay.com/cloudx/p/sport/csgo/team/d768f5sconkpudhr3qd0.png,,
hltv_team_13802,Eclipse,https://oss.5eplay.com/sport/csgo/team/null.png,,
csgo_tm_11711,Players,https://oss.5eplay.com/sport/csgo/team/null.png,,
hltv_team_13745,Kuusamo,https://oss.5eplay.com/cloudx/p/sport/csgo/team/d7c4nlcconkpudhr3rtg.png,,
csgo_tm_11553,Dripmen,,,
csgo_tm_11275,NSN,https://oss.5eplay.com/sport/csgo/team/hz/cec3vkf4nfq43340vuq0.png,,
hltv_team_13794,900FPSvsECO,https://oss.5eplay.com/sport/csgo/team/null.png,,
hltv_team_13413,Vasco,https://oss.5eplay.com/cloudx/p/sport/csgo/team/d3rf8gsconkqbk3bnu6g.png,,
hltv_team_13695,CTRL,https://oss.5eplay.com/sport/csgo/team/null.png,,
hltv_team_12276,DXA,https://oss.5eplay.com/cloudx/p/sport/csgo/team/d7cpg7cconkpudhr3rug.png,,
hltv_team_13591,ALTAY,https://oss.5eplay.com/cloudx/p/sport/csgo/team/d5a7lqkconkpudhr3fs0.png,,
hltv_team_13661,mouse,https://oss.5eplay.com/cloudx/p/sport/csgo/team/d7cplrkconkpudhr3s50.png,,
hltv_team_13457,OxinGame,https://oss.5eplay.com/sport/csgo/team/null.png,,
hltv_team_13798,Clutchain,https://oss.5eplay.com/cloudx/p/sport/csgo/team/d7cphg4conkpudhr3rvg.png,,
hltv_team_13725,Guara,https://oss.5eplay.com/cloudx/p/sport/csgo/team/d6ua3mcconkpudhr3pkg.png,,
hltv_team_13238,JUMBO,https://oss.5eplay.com/cloudx/p/sport/csgo/team/cvsvmjsconkt3lege50g.png,,
hltv_team_13651,ReThink,https://oss.5eplay.com/sport/csgo/team/null.png,,
csgo_tm_9422,CarritoSpain,https://oss.5eplay.com/sport/csgo/team/null.png,,
hltv_team_13718,100RA,https://oss.5eplay.com/cloudx/p/sport/csgo/team/d717e54conkpudhr3prg.png,,
hltv_team_13731,The MongolZ Academy,https://oss.5eplay.com/cloudx/p/sport/csgo/team/d6sf2bkconkpudhr3opg.png,,
hltv_team_13159,Prestige,https://oss.5eplay.com/cloudx/p/sport/csgo/team/d06samsconkt3lege6r0.png,,
hltv_team_12745,brazylijski luz,https://oss.5eplay.com/cloudx/p/sport/csgo/team/co8v014conklgsjvh3b0.png,,
hltv_team_13465,Dziuseppe,https://oss.5eplay.com/sport/csgo/team/null.png,,
hltv_team_13425,Reign Above,https://oss.5eplay.com/cloudx/p/sport/csgo/team/d69tidcconkpudhr3l70.webp,,
hltv_team_12855,HAVENs,https://oss.5eplay.com/cloudx/p/sport/csgo/team/ctdqc8sconkqmjpn7ev0.png,,
hltv_team_13687,Hermine,https://oss.5eplay.com/sport/csgo/team/null.png,,
hltv_team_13571,SINQU,https://oss.5eplay.com/cloudx/p/sport/csgo/team/d5a7nvsconkpudhr3ftg.png,,
hltv_team_13646,Fortress,https://oss.5eplay.com/sport/csgo/team/null.png,,
csgo_tm_10976,FURIA fe,https://oss.5eplay.com/sport/csgo/team/cgcl53pll806h1bg2n40.png,,
hltv_team_12190,Shimmer,https://oss.5eplay.com/cloudx/p/sport/csgo/team/ckbmp84conkqks63bmbg.png,,
hltv_team_13702,The Continental,https://oss.5eplay.com/sport/csgo/team/null.png,,
hltv_team_13763,MASQ,https://oss.5eplay.com/sport/csgo/team/null.png,,
csgo_tm_8488,INFURITY,https://oss.5eplay.com/cloudx/p/sport/csgo/team/cnr93jkconklgsjvgor0.png,,
hltv_team_13543,Time Waves,https://oss.5eplay.com/cloudx/p/sport/csgo/team/d7cpfhsconkpudhr3ru0.png,,
hltv_team_13608,Fokus,https://oss.5eplay.com/sport/csgo/team/null.png,,
hltv_team_13788,Clutchain,https://oss.5eplay.com/sport/csgo/team/null.png,,
hltv_team_13797,ZOTIX,https://oss.5eplay.com/sport/csgo/team/null.png,,
hltv_team_13713,Evo Novo,https://oss.5eplay.com/sport/csgo/team/null.png,,
csgo_tm_10901,Overknight,https://oss.5eplay.com/sport/csgo/team/10901.png,,
hltv_team_12301,FLY RED,https://oss.5eplay.com/cloudx/p/sport/csgo/team/merge_cilsutcconkqks63a330.png,,
csgo_tm_5479,Mythic,https://oss.5eplay.com/sport/csgo/team/hz/cec3psf4nfq43340urgg.png,,
hltv_team_13796,Young TigeRES,https://oss.5eplay.com/sport/csgo/team/null.png,,
hltv_team_13694,THE UNIT,https://oss.5eplay.com/sport/csgo/team/null.png,,
hltv_team_13566,Exilium,https://oss.5eplay.com/sport/csgo/team/null.png,,
hltv_team_13733,Sicarios,https://oss.5eplay.com/sport/csgo/team/null.png,,
hltv_team_13685,Skele,https://oss.5eplay.com/sport/csgo/team/null.png,,
hltv_team_12568,EC BANGA,https://oss.5eplay.com/cloudx/p/sport/csgo/team/csmvbqsconkotam81dhg.png,,
csgo_tm_10864,VP.P,https://oss.5eplay.com/sport/csgo/team/hz/cec3v4n4nfq43340vru0.png,,
hltv_team_13476,VEXA,https://oss.5eplay.com/cloudx/p/sport/csgo/team/d6ua2c4conkpudhr3pf0.png,,
hltv_team_12242,ClayMakers,https://oss.5eplay.com/sport/csgo/team/null.png,,
hltv_team_13471,ALZON,https://oss.5eplay.com/sport/csgo/team/null.png,,
csgo_tm_10975,MIBR.fe,https://oss.5eplay.com/sport/csgo/team/merge_cgcl8r9ll806h1bg2nq0.png,,
hltv_team_13732,B8 Academy,https://oss.5eplay.com/sport/csgo/team/null.png,,
hltv_team_13722,Hacha,https://oss.5eplay.com/sport/csgo/team/null.png,,
hltv_team_13142,AKA HERO KAJO,https://oss.5eplay.com/sport/csgo/team/null.png,,
hltv_team_12457,RoundsGG,https://oss.5eplay.com/cloudx/p/sport/csgo/team/ckq9f3kconkqks63c24g.png,,
csgo_tm_11718,BIG.E,https://oss.5eplay.com/sport/csgo/team/merge_cgch9h9ll806h1bg2ln0.png,,
hltv_team_12731,LE-LUX,https://oss.5eplay.com/cloudx/p/sport/csgo/team/merge_d1o6mjkconkt3legeqrg.png,,
hltv_team_13395,hindsight,https://oss.5eplay.com/sport/csgo/team/null.png,,
hltv_team_12533,Atrix,https://oss.5eplay.com/cloudx/p/sport/csgo/team/merge_crl975sconkotam80stg.png,,
